{
  "handsPlayed": 56,
  "hands": {
    "fftuwh9bern": {
      "card": "!d",
      "lowChance": 61.53846153846154,
      "highChance": 46.15384615384615
    },
    "3zhqvabo0vi": {
      "card": "6c",
      "lowChance": 38.46153846153847,
      "highChance": 69.23076923076923
    },
    "ilnqqcmvot": {
      "card": "3s",
      "lowChance": 84.61538461538461,
      "highChance": 23.076923076923077
    },
    "j79bjkyy23": {
      "card": "Js",
      "lowChance": 15.384615384615385,
      "highChance": 92.3076923076923
    },
    "ahokncfwoq": {
      "card": "8c",
      "lowChance": 76.92307692307693,
      "highChance": 30.76923076923077
    },
    "7lpalwgtu58": {
      "card": "6c",
      "lowChance": 53.84615384615385,
      "highChance": 53.84615384615385
    },
    "jdeu8mkkvb": {
      "card": "8h",
      "lowChance": 38.46153846153847,
      "highChance": 69.23076923076923
    },
    "nhaqihybabc": {
      "card": "Qd",
      "lowChance": 53.84615384615385,
      "highChance": 53.84615384615385
    },
    "zpbjg9fajt": {
      "card": "5s",
      "lowChance": 7.6923076923076925,
      "highChance": 100
    },
    "m04eam30d4": {
      "card": "5h",
      "lowChance": 46.15384615384615,
      "highChance": 61.53846153846154
    },
    "jlu33c3v2ma": {
      "card": "Qh",
      "lowChance": 30.76923076923077,
      "highChance": 76.92307692307693
    },
    "y8lx6z40okp": {
      "card": "8c",
      "lowChance": 84.61538461538461,
      "highChance": 23.076923076923077
    },
    "cyau06lg0ce": {
      "card": "Qd",
      "lowChance": 53.84615384615385,
      "highChance": 53.84615384615385
    },
    "f90ag5xmqf": {
      "card": "Kd",
      "lowChance": 84.61538461538461,
      "highChance": 23.076923076923077
    },
    "c66tcsnebtu": {
      "card": "Kh",
      "lowChance": 23.076923076923077,
      "highChance": 84.61538461538461
    },
    "kr2vv8t799o": {
      "card": "Ad",
      "lowChance": 92.3076923076923,
      "highChance": 15.384615384615385
    },
    "18nor6p455r": {
      "card": "!d",
      "lowChance": 100,
      "highChance": 7.6923076923076925
    },
    "mqb52lr3g7a": {
      "card": "2d",
      "lowChance": 69.23076923076923,
      "highChance": 38.46153846153847
    },
    "w2z6iz8b6ck": {
      "card": "5h",
      "lowChance": 7.6923076923076925,
      "highChance": 100
    },
    "aiw5e6xlvh": {
      "card": "8d",
      "lowChance": 61.53846153846154,
      "highChance": 46.15384615384615
    },
    "35pjkeialce": {
      "card": "4h",
      "lowChance": 53.84615384615385,
      "highChance": 53.84615384615385
    },
    "gqqh5ff7kb": {
      "card": "Qh",
      "lowChance": 23.076923076923077,
      "highChance": 84.61538461538461
    },
    "noc3406d54": {
      "card": "7h",
      "lowChance": 84.61538461538461,
      "highChance": 23.076923076923077
    },
    "e9hm1zu28n8": {
      "card": "Jh",
      "lowChance": 46.15384615384615,
      "highChance": 61.53846153846154
    },
    "8k2tyi3cje7": {
      "card": "!d",
      "lowChance": 46.15384615384615,
      "highChance": 61.53846153846154
    },
    "c4en4t60o0u": {
      "card": "7d",
      "lowChance": 69.23076923076923,
      "highChance": 38.46153846153847
    },
    "pns2mp9unzj": {
      "card": "Kh",
      "lowChance": 46.15384615384615,
      "highChance": 61.53846153846154
    },
    "paggam83uuc": {
      "card": "9s",
      "lowChance": 92.3076923076923,
      "highChance": 15.384615384615385
    },
    "cee8swzvciw": {
      "card": "6c",
      "lowChance": 61.53846153846154,
      "highChance": 46.15384615384615
    },
    "r2zhktvvkx": {
      "card": "4s",
      "lowChance": 76.92307692307693,
      "highChance": 30.76923076923077
    },
    "5vriru3vzi": {
      "card": "Ad",
      "lowChance": 23.076923076923077,
      "highChance": 84.61538461538461
    },
    "jo1581rl7kj": {
      "card": "Jc",
      "lowChance": 100,
      "highChance": 7.6923076923076925
    },
    "wxpax78oyz": {
      "card": "5s",
      "lowChance": 76.92307692307693,
      "highChance": 30.76923076923077
    },
    "b9o8cwjqm0v": {
      "card": "8c",
      "lowChance": 69.23076923076923,
      "highChance": 38.46153846153847
    },
    "70s0zvf4w2j": {
      "card": "9h",
      "lowChance": 53.84615384615385,
      "highChance": 53.84615384615385
    },
    "gjxnexj0uh": {
      "card": "2d",
      "lowChance": 61.53846153846154,
      "highChance": 46.15384615384615
    },
    "385nbvckkmk": {
      "card": "9s",
      "lowChance": 7.6923076923076925,
      "highChance": 100
    },
    "f50in6miou4": {
      "card": "Jd",
      "lowChance": 61.53846153846154,
      "highChance": 46.15384615384615
    }
  },
  "bets": [
    {
      "hand": "fftuwh9bern",
      "betType": 0,
      "chance": 46.15384615384615,
      "multiplier": 2.1666666666666665
    },
    {
      "hand": "3zhqvabo0vi",
      "betType": 0,
      "chance": 69.23076923076923,
      "multiplier": 1.4444444444444444
    },
    {
      "hand": "ilnqqcmvot",
      "betType": 0,
      "chance": 23.076923076923077,
      "multiplier": 4.333333333333333
    },
    {
      "hand": "j79bjkyy23",
      "betType": 0,
      "chance": 92.3076923076923,
      "multiplier": 1.0833333333333333
    },
    {
      "hand": "ahokncfwoq",
      "betType": 0,
      "chance": 30.76923076923077,
      "multiplier": 3.25
    },
    {
      "hand": "zpbjg9fajt",
      "betType": 0,
      "chance": 100,
      "multiplier": 1
    }
  ]
}